{
    "deretraction_speed": [
        "50"
    ],
    "from": "User",
    "gcode_flavor": "klipper",
    "inherits": "Creality Ender-5 0.4 nozzle",
    "is_custom_defined": "0",
    "machine_end_gcode": "{if max_layer_z < printable_height}G1 Z{z_offset+min(max_layer_z+2, printable_height)} F600 ; Move print head up{endif}\nG1 X5 Y{print_bed_max[1]*0.8} F{travel_speed*60} ; present print\n{if max_layer_z < printable_height-10}G1 Z{z_offset+min(max_layer_z+20, printable_height-10)} F600 ; Move print head further up{endif}\n\nM140 S0 ; turn off heatbed\nM104 S0 ; turn off temperature\nM107 ; turn off fan\nM84 X Y E ; disable motors",
    "machine_start_gcode": "G90 ; use absolute coordinates\nM83 ; extruder relative mode\nM140 S[bed_temperature_initial_layer_single] ; set final bed temp\nM104 S150 ; set temporary nozzle temp to prevent oozing during homing\nG4 S10 ; allow partial nozzle warmup\nM190 S[bed_temperature_initial_layer_single] ; wait for bed temp to stabilize\nG28 ; home all axis\nZ_TILT_ADJUST ;\nG28  ;\nG29 ;\nG1 Z30 F3000\nG1 X2 Y50 F3000\nM104 S[nozzle_temperature_initial_layer] ; set final nozzle temp\nM109 S[nozzle_temperature_initial_layer] ; wait for nozzle temp to stabilize\nG1 Z0.28 F240\nG92 E0 ; Reset Extruder\nG1 Z2.0 F3000 ; Move Z Axis up little to prevent scratching of Heat Bed\nLINE_PURGE ;\nG1 X1 Y50 Z0.3 F5000.0 ; Move to start position\nG1 X1 Y200.0 Z0.3 F1500.0 E15 ; Draw the first line\nG1 X1.5 Y200.0 Z0.3 F5000.0 ; Move to side a little\nG1 X1.5 Y50 Z0.3 F1500.0 E30 ; Draw the second line\nG92 E0 ; Reset Extruder\nG1 Z2.0 F3000 ; Move Z Axis up little to prevent scratching of Heat Bed\nG1 X140 F10000 ; \n",
    "max_layer_height": [
        "0.64"
    ],
    "name": "Creality Ender-5 v1",
    "nozzle_diameter": [
        "0.8"
    ],
    "print_host": "192.168.178.33",
    "printable_area": [
        "0x0",
        "235x0",
        "235x235",
        "0x235"
    ],
    "printer_settings_id": "Creality Ender-5 v1",
    "printhost_apikey": "j",
    "retraction_length": [
        "0.5"
    ],
    "retraction_speed": [
        "50"
    ],
    "version": "1.7.0.0",
    "z_hop": [
        "0.2"
    ]
}
