{
    "accel_to_decel_enable": "0",
    "default_acceleration": "500",
    "elefant_foot_compensation": "0.2",
    "from": "User",
    "inherits": "0.20mm Standard @Creality Ender5",
    "internal_solid_infill_acceleration": "0",
    "is_custom_defined": "0",
    "name": "0.20mm Standard @Creality Ender5 v3_accel",
    "outer_wall_acceleration": "0",
    "print_flow_ratio": "0.98",
    "print_settings_id": "0.20mm Standard @Creality Ender5 v3_accel",
    "sparse_infill_acceleration": "0",
    "sparse_infill_density": "50%",
    "top_shell_layers": "5",
    "version": "1.7.0.0",
    "wall_loops": "4"
}
