{
    "accel_to_decel_enable": "0",
    "brim_type": "no_brim",
    "default_acceleration": "500",
    "elefant_foot_compensation": "0.2",
    "enable_support": "1",
    "from": "User",
    "gap_infill_speed": "100",
    "inherits": "0.20mm Standard @Creality Ender5",
    "initial_layer_infill_speed": "100",
    "inner_wall_speed": "100",
    "internal_solid_infill_acceleration": "0",
    "internal_solid_infill_speed": "100",
    "is_custom_defined": "0",
    "layer_height": "0.28",
    "name": "0.28mm Ender5 v3_accel",
    "outer_wall_acceleration": "0",
    "outer_wall_speed": "80",
    "print_flow_ratio": "0.98",
    "print_settings_id": "0.28mm Ender5 v3_accel",
    "seam_position": "back",
    "skirt_distance": "6",
    "skirt_loops": "0",
    "skirt_speed": "10",
    "small_perimeter_speed": "50",
    "sparse_infill_acceleration": "0",
    "sparse_infill_density": "70%",
    "sparse_infill_pattern": "zig-zag",
    "sparse_infill_speed": "100",
    "support_on_build_plate_only": "1",
    "support_speed": "100",
    "support_style": "organic",
    "support_top_z_distance": "0.25",
    "support_type": "tree(auto)",
    "top_shell_layers": "5",
    "version": "1.7.0.0",
    "wall_loops": "4"
}
